[
    {
        "name": "sunny",
        "email": "sdfsdfsdfs@gmail.com",
        "password": "24324",
        "age": "213123",
        "gender": "123123",
        "profession": "123123123",
        "about": "123123123",
        "city": "12312321",
        "news": "",
        "art": "",
        "health": "",
        "food": "",
        "sports": "",
        "technology": ""
    },
    {
        "name": "sadasd",
        "email": "ss40383@gmail.coms007",
        "password": "asdasd",
        "age": "asdasd",
        "gender": "asdasd",
        "profession": "asdasd",
        "about": "asdasda",
        "city": "sdasd",
        "news": "",
        "art": "",
        "health": "",
        "food": "",
        "sports": "",
        "technology": ""
    },
    {
        "name": "",
        "email": "",
        "password": "",
        "age": null,
        "gender": "",
        "profession": "",
        "about": "",
        "city": "",
        "news": "",
        "art": "",
        "health": "",
        "food": "",
        "sports": "",
        "technology": ""
    },
    {
        "name": "sunny",
        "email": "sdfsdfsdfs@gmail.com",
        "password": "sadasdasdad",
        "age": "sdfsdf",
        "gender": "hgvhg",
        "profession": "vhvhs",
        "about": "sdfsdf",
        "city": "sdfsdfsdf",
        "news": "",
        "art": "",
        "health": "",
        "food": "",
        "sports": "",
        "technology": ""
    },
    {
        "name": "zxczxc",
        "email": "zzz@gmail.com",
        "password": "zxczxc",
        "age": "kjjk",
        "gender": "n",
        "profession": "kjn",
        "about": "jnk",
        "city": "n",
        "news": "",
        "art": "",
        "health": "",
        "food": "",
        "sports": "",
        "technology": ""
    },
    {
        "name": "sunn",
        "email": "",
        "password": "",
        "age": null,
        "gender": "",
        "profession": "",
        "about": "",
        "city": "",
        "news": "",
        "art": "Poetry",
        "health": "",
        "food": "",
        "sports": "",
        "technology": ""
    },
    {
        "name": "Sachin Sharma",
        "email": "test@gmail.com",
        "password": "qwerty",
        "age": "12",
        "gender": "M",
        "profession": "qwerty",
        "about": "sfdgfdhf",
        "city": "HAmirpur",
        "news": "",
        "art": "",
        "health": "",
        "food": "",
        "sports": "",
        "technology": ""
    }
]